{"stats":{"minecraft:picked_up":{"minecraft:repeater":4,"minecraft:oak_sign":1,"minecraft:lever":9,"minecraft:redstone_torch":22,"minecraft:redstone":94,"minecraft:oak_planks":5},"minecraft:custom":{"minecraft:time_since_rest":347696,"minecraft:play_one_minute":274444,"minecraft:crouch_one_cm":1722,"minecraft:sprint_one_cm":99913,"minecraft:walk_one_cm":101025,"minecraft:sneak_time":12780,"minecraft:drop":1,"minecraft:jump":666,"minecraft:leave_game":8,"minecraft:time_since_death":347696,"minecraft:fly_one_cm":3149640},"minecraft:dropped":{"minecraft:redstone":1},"minecraft:used":{"minecraft:redstone_torch":116,"minecraft:glass":206,"minecraft:lever":69,"minecraft:repeater":111,"minecraft:flint_and_steel":41,"minecraft:tnt":105,"minecraft:red_wool":447,"minecraft:light_blue_wool":7,"minecraft:redstone":1157,"minecraft:barrier":15,"minecraft:lime_wool":31,"minecraft:oak_planks":125,"minecraft:oak_sign":24,"minecraft:stone":1598}},"DataVersion":2586}